decor,st,name,price_group,price_m2,price_sheet
W960,SM/ST7,Белый классический,1,608.35,3526
H1145,ST10,Дуб Бардолино натуральный,3,678.4,3932
H1732,ST9,Береза песочная,3,678.4,3932
H1910,ST9,Бук луговой,3,678.4,3932
H3043,ST12,Эвкалипт темно-коричневый,3,678.4,3932
H3734,ST9,Орех Дижон натуральный,3,678.4,3932
U104,ST9,Алебастр белый,3,678.4,3932
U113,ST9,Коттон бежевый,3,678.4,3932
U708,ST9,Светло-серый,3,678.4,3932
U961,ST7,Чёрный графит ,3,678.4,3932
U999,ST7,Чёрный,3,678.4,3932
H1277,ST9,Акация Лэйклэнд светлая,4,699.62,4055
H3395,ST12,Дуб Корбридж натуральный,4,699.62,4055
H3840,ST9,Клён Мандаль натуральный,4,699.62,4055
U156,ST9,Бежевый песок,4,699.62,4055
U216,ST9,Камель бежевый,4,699.62,4055
U220,ST9,Бежевый нежный,4,699.62,4055
U702,ST9,Кашемир серый,4,699.62,4055
U732,ST9,Серый пыльный (серый асфальт),4,699.62,4055
U763,ST9,Серый перламутровый,4,699.62,4055
U775,ST9,Бело-серый (Серый дымчатый),4,699.62,4055
U963,ST9,Диамант серый (антрацит),4,699.62,4055
W1000,ST9,Белый Премиум,4,699.62,4055
F765,ST20,Серебристый матовый,5,720.67,4177
H1113,ST10,Дуб Канзас коричневый,5,720.67,4177
H1199,ST12,Дуб термо чёрно-коричневый,5,720.67,4177
H1225,ST12,Ясень Тронхейм,5,720.67,4177
H1318,ST10,Дикий дуб натуральный,5,720.67,4177
H1401,ST22,Сосна Касцина,5,720.67,4177
H1487,ST22,Пихта Брамберг,5,720.67,4177
H1636,ST12,Вишня Локарно,5,720.67,4177
H1715,ST12,Орех Парона,5,720.67,4177
H3012,ST22,Кокоболо натуральный,5,720.67,4177
H3131,ST12,Дуб Давос натуральный,5,720.67,4177
H3133,ST12,Дуб Давос трюфель,5,720.67,4177
H3156,ST12,Дуб Корбридж серый,5,720.67,4177
H3157,ST12,Дуб Винченца,5,720.67,4177
H3398,ST12,Дуб Кендал коньяк,5,720.67,4177
H3430,ST22,Сосна Аланд белая,5,720.67,4177
H3433,ST22,Сосна Аланд полярная,5,720.67,4177
H3450,ST22,Флитвуд белый,5,720.67,4177
H3860,ST9,Клён сахарный шампань,5,720.67,4177
U115,ST9,Карат бежевый,5,720.67,4177
U201,ST9,Серая галька,5,720.67,4177
U222,ST9,Крем бежевый,5,720.67,4177
U705,ST9,Ангора серая,5,720.67,4177
U707,ST9,Шёлк серый,5,720.67,4177
U727,ST9,Серый камень,5,720.67,4177
U740,ST9,Серо-коричневый темный,5,720.67,4177
U741,ST9,Лава серая,5,720.67,4177
U748,ST9,Трюфель коричневый,5,720.67,4177
U750,ST9,Ярко-серый,5,720.67,4177
U755,ST9,Серый Гавана,5,720.67,4177
U767,ST9,Кубанит серый,5,720.67,4177
U780,ST9,Серый монументальный,5,720.67,4177
U788,ST9,Арктика серый,5,720.67,4177
U899,ST9,Нежный чёрный,5,720.67,4177
U960,ST9,Оникс серый,5,720.67,4177
U968,ST9,Серый уголь,5,720.67,4177
W1100,ST9,Белый Альпийский,5,720.67,4177
W1200,ST9,Фарфор белый,5,720.67,4177
H1303,ST12,Дуб Бельмонт коричневый,6,752.07,4359
H1362,ST12,Дуб Барония светлый,6,752.07,4359
H3170,ST12,Дуб Кендал натуральный,6,752.07,4359
H3303,ST10,Дуб Гамильтон натуральный,6,752.07,4359
H3331,ST10,Дуб Небраска натуральный,6,752.07,4359
H3700,ST10,Орех Пацифик натуральный,6,752.07,4359
H3702,ST10,Орех Пацифик табак,6,752.07,4359
H3710,ST12,Орех Карини натуральный,6,752.07,4359
H3730,ST10,Гикори натуральный,6,752.07,4359
U211,ST9,Миндаль бежевый,6,752.07,4359
U311,ST9,Бургундский красный,6,752.07,4359
U325,ST9,Розовый антик,6,752.07,4359
U504,ST9,Альпийское озеро,6,752.07,4359
U525,ST9,Делфт голубой,6,752.07,4359
U540,ST9,Деним голубой,6,752.07,4359
U630,ST9,Зелёный лимон ,6,752.07,4359
F186,ST9,Бетон Чикаго светло-серый,7,794.34,4604
F187,ST9,Бетон Чикаго тёмно-серый,7,794.34,4604
F206,ST9,Камень Пьетра Гриджиа чёрный,7,794.34,4604
F235,ST10,Сланец Скиваро,7,794.34,4604
F243,ST10,Мрамор Кандела светло-серый,7,794.34,4604
F416,ST10,Текстиль бежевый,7,794.34,4604
F433,ST10,Лён антрацит,7,794.34,4604
F685,ST10,Акапулько,7,794.34,4604
F800,ST9,Мрамор Кристалл,7,794.34,4604
H1242,ST10,Акация Шеффилд натуральный,7,794.34,4604
H1312,ST10,Дуб Уайт-Ривер песочно-бежевый,7,794.34,4604
H1313,ST10,Дуб Уайт-Ривер серо-коричневый,7,794.34,4604
H1330,ST10,Дуб Санта-Фе винтаж,7,794.34,4604
H1399,ST10,Дуб Денвер трюфель,7,794.34,4604
H1710,ST10,Каштан Кентукки песочный,7,794.34,4604
H2033,ST10,Дуб Хантон тёмный,7,794.34,4604
H305,ST12,Дуб Тонсберг натуральный,7,794.34,4604
H309,ST12,Дуб Тонсберг коричневый,7,794.34,4604
U125,ST9,Желтый песок,7,794.34,4604
U163,ST9,Карри жёлтый,7,794.34,4604
U250,ST9,Карамель беж,7,794.34,4604
U321,ST9,Красный китайский,7,794.34,4604
U335,ST9,Красно-коричневый,7,794.34,4604
U350,ST9,Сиена оранж,7,794.34,4604
U502,ST9,Синий дымчатый,7,794.34,4604
U599,ST9,Индиго синий,7,794.34,4604
U604,ST9,Зелёный эвкалипт,7,794.34,4604
U636,ST9,Фьерд зеленый,7,794.34,4604
U638,ST9,Зелёный шалфей,7,794.34,4604
U665,ST9,Зелёный камень,7,794.34,4604
U669,ST9,Серо-зеленый,7,794.34,4604
U699,ST9,Зелёный еловый,7,794.34,4604
U818,ST9,Тёмно-коричневый,7,794.34,4604
U830,ST9,Карамель нюд,7,794.34,4604
U999,ST19,Чёрный,7,794.34,4604
W1000,ST19,Белый Премиум,7,794.34,4604
F323,ST20,Кобра бронза,8,883.71,5122
F528,ST20,Металл брашированный бронзовый,8,883.71,5122
H1223,ST19,Ясень Севилья,8,883.71,5122
H1307,ST19,Орех Вармия коричневый,8,883.71,5122
H1316,ST17,Дуб текстурный,8,883.71,5122
H1708,ST17,Каштан Брайтон,8,883.71,5122
H1714,ST19,Орех Линкольн,8,883.71,5122
H3003,ST19,Дуб Норидж,8,883.71,5122
H3146,ST19,Дуб Лоренцо бежево-серый,8,883.71,5122
H3152,ST19,Дуб Виченца беленый,8,883.71,5122
H3190,ST19,Металлик Файнлайн антрацит,8,883.71,5122
H3195,ST19,Файнлайн белый,8,883.71,5122
H3197,ST19,Файнлайн средне-серый,8,883.71,5122
H3198,ST19,Файнлайн темно-коричневый,8,883.71,5122
H3322,ST17,Дуб Ровато натуральный светлый,8,883.71,5122
H3786,ST17,Древесина Боливар натуральная,8,883.71,5122
H3787,ST17,Древесина Боливар коричневая,8,883.71,5122
H7586,ST17,Ноче Альба табак,8,883.71,5122
H1142,ST36,Дуб Сакраменто коричневый,9,1121.46,6500
H1250,ST36,Ясень Наварра,9,1121.46,6500
H3154,ST36,Дуб Чарльстон тёмно-коричневый,9,1121.46,6500
U998,ST38,Лес чёрный,9,1121.46,6500
W1000,ST38,Белый Премиум,9,1121.46,6500
H1176,ST37,Дуб Галифакс белый,10,1195.65,6930
H1180,ST37,Дуб Галифакс натуральный,10,1195.65,6930
H1181,ST37,Дуб Галифакс табак,10,1195.65,6930
H1344,ST32,Дуб Шерман коньяк коричневый,10,1195.65,6930
H1346,ST32,Дуб Шерман антрацит,10,1195.65,6930
H1367,ST40,Дуб Каселла натуральный светлый,10,1195.65,6930
H1369,ST40,Дуб Каселла каштановый,10,1195.65,6930
H1385,ST40,Дуб Каселла натуральный,10,1195.65,6930
H1386,ST40,Дуб Каселла коричневый,10,1195.65,6930
H3176,ST37,Дуб Галифакс олово,10,1195.65,6930
H3309,ST28,Дуб Гладстоун песочный,10,1195.65,6930
H3317,ST28,Дуб Кунео коричневый,10,1195.65,6930
H3325,ST28,Дуб Гладстоун табак,10,1195.65,6930
H3359,ST32,Дуб Давенпорт натуральный светлый,10,1195.65,6930
